inertie,altitude,month,zone_climatique,E-pv(kWh/m²),Text(°C),E(kWh/m²),Nref(19°C),DH19(°Ch),DH14(°Ch),Nref(21°C),DH21(°Ch),Tefs(°C),Textmoy_clim(°C)Tcons=26°C,Textmoy_clim(°C)Tcons=28°C,E_fr(kWh/m²)Tcons=26°C,E_fr(kWh/m²)Tcons=28°C,Nref(26°C),Nref(28°C),DH26(°Ch),DH28(°Ch)
Légère ou Moyenne,400,Janvier,H1a,50.1,2.6,38.36,744,11712.4,8488,744,13200.4,7.8,0,0,0,0,0,0,0,0
Légère ou Moyenne,400,Février,H1a,54.7,3.5,37.47,672,9966.8,7038.8,672,11310.8,5.5,0,0,0,0,0,0,0,0
Légère ou Moyenne,400,Mars,H1a,123.4,7.7,77.61,738,7922.7,4733.2,741,9402.4,6.9,0,0,0,0,0,0,0,0
Légère ou Moyenne,400,Avril,H1a,169.3,10.3,86.79,695,5877.4,2950.5,710,7283.3,9.1,0,0,0,0,0,0,0,0
Légère ou Moyenne,400,Mai,H1a,208.2,13.2,53.63,438,2762,1036.8,486,3694.7,11.4,26.8,0,3.17,0,8,0,8.1,0
Légère ou Moyenne,400,Juin,H1a,217.8,0,0,0,0,0,0,0,15.1,28.2,29.2,10.56,5.98,74,19,74.2,22.5
Légère ou Moyenne,400,Juillet,H1a,221.9,0,0,0,0,0,0,0,16.1,28.3,29.7,19.84,9.54,153,33,152.8,57.1
Légère ou Moyenne,400,Août,H1a,173.3,0,0,0,0,0,0,0,17.8,28.4,29.8,20.93,11.27,167,35,166.8,64.2
Légère ou Moyenne,400,Septembre,H1a,163.6,13.6,54.18,402,2264.1,730.2,434,3101.3,15.9,28.2,29.3,6.33,3.18,29,6,28.8,7.6
Légère ou Moyenne,400,Octobre,H1a,88.9,13.8,61.45,644,3645.4,1056,683,4977.9,14.7,0,0,0,0,0,0,0,0
Légère ou Moyenne,400,Novembre,H1a,59.1,8.8,43.04,715,6861,3795,720,8298.6,12.5,0,0,0,0,0,0,0,0
Légère ou Moyenne,400,Décembre,H1a,43.2,5,34.26,744,9573.3,6705.3,744,11061.3,9.2,0,0,0,0,0,0,0,0
Lourde ou Très lourde,400,Janvier,H1a,50.1,2.6,38.36,744,11712.4,8488,744,13200.4,7.8,0,0,0,0,0,0,0,0
Lourde ou Très lourde,400,Février,H1a,54.7,3.5,37.47,672,9966.8,7038.8,672,11310.8,5.5,0,0,0,0,0,0,0,0
Lourde ou Très lourde,400,Mars,H1a,123.4,7.7,77.61,738,7922.7,4733.2,741,9402.4,6.9,0,0,0,0,0,0,0,0
Lourde ou Très lourde,400,Avril,H1a,169.3,10.3,86.79,695,5877.4,2950.5,710,7283.3,9.1,0,0,0,0,0,0,0,0
Lourde ou Très lourde,400,Mai,H1a,208.2,12.8,19.19,172,1069.9,378.9,190,1437,11.4,26.8,0,3.17,0,8,0,8.1,0
Lourde ou Très lourde,400,Juin,H1a,217.8,0,0,0,0,0,0,0,15.1,28.2,29.2,10.56,5.98,74,19,74.2,22.5
Lourde ou Très lourde,400,Juillet,H1a,221.9,0,0,0,0,0,0,0,16.1,28.3,29.7,19.84,9.54,153,33,152.8,57.1
Lourde ou Très lourde,400,Août,H1a,173.3,0,0,0,0,0,0,0,17.8,28.4,29.8,20.93,11.27,167,35,166.8,64.2
Lourde ou Très lourde,400,Septembre,H1a,163.6,12.3,16.11,119,740.6,272.8,120,979.8,15.9,28.2,29.3,6.33,3.18,29,6,28.8,7.6
Lourde ou Très lourde,400,Octobre,H1a,88.9,13.8,61.45,644,3645.4,1056,683,4977.9,14.7,0,0,0,0,0,0,0,0
Lourde ou Très lourde,400,Novembre,H1a,59.1,8.8,43.04,715,6861,3795,720,8298.6,12.5,0,0,0,0,0,0,0,0
Lourde ou Très lourde,400,Décembre,H1a,43.2,5,34.26,744,9573.3,6705.3,744,11061.3,9.2,0,0,0,0,0,0,0,0
Légère ou Moyenne,800,Janvier,H1a,50.1,0.6,38.36,744,13200.4,9972.4,744,14688.4,5.8,0,0,0,0,0,0,0,0
Légère ou Moyenne,800,Février,H1a,54.7,1.5,37.47,672,11310.8,8382.8,672,12654.8,3.5,0,0,0,0,0,0,0,0
Légère ou Moyenne,800,Mars,H1a,123.4,5.7,77.61,741,9402.4,6180,742,10884.9,4.9,0,0,0,0,0,0,0,0
Légère ou Moyenne,800,Avril,H1a,169.3,8.3,86.79,710,7283.3,4240.7,719,8709.4,7.1,0,0,0,0,0,0,0,0
Légère ou Moyenne,800,Mai,H1a,208.2,13,87.83,635,4359.2,1879.7,663,5655.9,9.4,0,0,0,0,0,0,8.1,0
Légère ou Moyenne,800,Juin,H1a,217.8,15.6,84.66,514,2644,785.5,594,3752.7,13.1,28.4,28.4,5.98,1.14,19,4,74.2,22.5
Légère ou Moyenne,800,Juillet,H1a,221.9,15.9,37.58,216,1025.7,244.8,266,1514,14.1,28.8,28.8,9.54,4.4,33,14,152.8,57.1
Légère ou Moyenne,800,Août,H1a,173.3,14.8,33.14,233,1095.6,264.3,272,1607.2,15.8,28.9,28.9,11.27,5.05,35,17,166.8,64.2
Légère ou Moyenne,800,Septembre,H1a,163.6,13.2,94.3,621,4046.6,1602.9,672,5340.9,13.9,0,0,3.18,0,6,0,28.8,7.6
Légère ou Moyenne,800,Octobre,H1a,88.9,11.8,61.45,683,4977.9,2067.4,722,6393.3,12.7,0,0,0,0,0,0,0,0
Légère ou Moyenne,800,Novembre,H1a,59.1,6.8,43.04,720,8298.6,5187.5,720,9738.6,10.5,0,0,0,0,0,0,0,0
Légère ou Moyenne,800,Décembre,H1a,43.2,3,34.26,744,11061.3,8193.3,744,12549.3,7.2,0,0,0,0,0,0,0,0
Lourde ou Très lourde,800,Janvier,H1a,50.1,0.6,38.36,744,13200.4,9972.4,744,14688.4,5.8,0,0,0,0,0,0,0,0
Lourde ou Très lourde,800,Février,H1a,54.7,1.5,37.47,672,11310.8,8382.8,672,12654.8,3.5,0,0,0,0,0,0,0,0
Lourde ou Très lourde,800,Mars,H1a,123.4,5.7,77.61,741,9402.4,6180,742,10884.9,4.9,0,0,0,0,0,0,0,0
Lourde ou Très lourde,800,Avril,H1a,169.3,8.3,86.79,710,7283.3,4240.7,719,8709.4,7.1,0,0,0,0,0,0,0,0
Lourde ou Très lourde,800,Mai,H1a,208.2,13,87.83,635,4359.2,1879.7,663,5655.9,9.4,0,0,0,0,0,0,8.1,0
Lourde ou Très lourde,800,Juin,H1a,217.8,16.1,60.45,358,1795.8,528.5,418,2575.1,13.1,28.4,28.4,5.98,1.14,19,4,74.2,22.5
Lourde ou Très lourde,800,Juillet,H1a,221.9,0,0,0,0,0,0,0,14.1,28.8,28.8,9.54,4.4,33,14,152.8,57.1
Lourde ou Très lourde,800,Août,H1a,173.3,0,0,0,0,0,0,0,15.8,28.9,28.9,11.27,5.05,35,17,166.8,64.2
Lourde ou Très lourde,800,Septembre,H1a,163.6,12.6,67.85,494,3385.3,1401.6,522,4403.7,13.9,0,0,3.18,0,6,0,28.8,7.6
Lourde ou Très lourde,800,Octobre,H1a,88.9,11.8,61.45,683,4977.9,2067.4,722,6393.3,12.7,0,0,0,0,0,0,0,0
Lourde ou Très lourde,800,Novembre,H1a,59.1,6.8,43.04,720,8298.6,5187.5,720,9738.6,10.5,0,0,0,0,0,0,0,0
Lourde ou Très lourde,800,Décembre,H1a,43.2,3,34.26,744,11061.3,8193.3,744,12549.3,7.2,0,0,0,0,0,0,0,0
Légère ou Moyenne,8000,Janvier,H1a,50.1,0,0,0,0,0,0,0,0,0,0,0,0,0,0,0,0
Légère ou Moyenne,8000,Février,H1a,54.7,0,0,0,0,0,0,0,0,0,0,0,0,0,0,0,0
Légère ou Moyenne,8000,Mars,H1a,123.4,0,0,0,0,0,0,0,0,0,0,0,0,0,0,0,0
Légère ou Moyenne,8000,Avril,H1a,169.3,0,0,0,0,0,0,0,0,0,0,0,0,0,0,0,0
Légère ou Moyenne,8000,Mai,H1a,208.2,0,0,0,0,0,0,0,0,0,0,0,0,0,0,0,0
Légère ou Moyenne,8000,Juin,H1a,217.8,0,0,0,0,0,0,0,0,0,0,0,0,0,0,0,0
Légère ou Moyenne,8000,Juillet,H1a,221.9,0,0,0,0,0,0,0,0,0,0,0,0,0,0,0,0
Légère ou Moyenne,8000,Août,H1a,173.3,0,0,0,0,0,0,0,0,0,0,0,0,0,0,0,0
Légère ou Moyenne,8000,Septembre,H1a,163.6,0,0,0,0,0,0,0,0,0,0,0,0,0,0,0,0
Légère ou Moyenne,8000,Octobre,H1a,88.9,0,0,0,0,0,0,0,0,0,0,0,0,0,0,0,0
Légère ou Moyenne,8000,Novembre,H1a,59.1,0,0,0,0,0,0,0,0,0,0,0,0,0,0,0,0
Légère ou Moyenne,8000,Décembre,H1a,43.2,0,0,0,0,0,0,0,0,0,0,0,0,0,0,0,0
Lourde ou Très lourde,8000,Janvier,H1a,50.1,0,0,0,0,0,0,0,0,0,0,0,0,0,0,0,0
Lourde ou Très lourde,8000,Février,H1a,54.7,0,0,0,0,0,0,0,0,0,0,0,0,0,0,0,0
Lourde ou Très lourde,8000,Mars,H1a,123.4,0,0,0,0,0,0,0,0,0,0,0,0,0,0,0,0
Lourde ou Très lourde,8000,Avril,H1a,169.3,0,0,0,0,0,0,0,0,0,0,0,0,0,0,0,0
Lourde ou Très lourde,8000,Mai,H1a,208.2,0,0,0,0,0,0,0,0,0,0,0,0,0,0,0,0
Lourde ou Très lourde,8000,Juin,H1a,217.8,0,0,0,0,0,0,0,0,0,0,0,0,0,0,0,0
Lourde ou Très lourde,8000,Juillet,H1a,221.9,0,0,0,0,0,0,0,0,0,0,0,0,0,0,0,0
Lourde ou Très lourde,8000,Août,H1a,173.3,0,0,0,0,0,0,0,0,0,0,0,0,0,0,0,0
Lourde ou Très lourde,8000,Septembre,H1a,163.6,0,0,0,0,0,0,0,0,0,0,0,0,0,0,0,0
Lourde ou Très lourde,8000,Octobre,H1a,88.9,0,0,0,0,0,0,0,0,0,0,0,0,0,0,0,0
Lourde ou Très lourde,8000,Novembre,H1a,59.1,0,0,0,0,0,0,0,0,0,0,0,0,0,0,0,0
Lourde ou Très lourde,8000,Décembre,H1a,43.2,0,0,0,0,0,0,0,0,0,0,0,0,0,0,0,0
Légère ou Moyenne,400,Janvier,H1b,41.5,4.7,31.13,744,10180.7,6952.7,744,11668.7,6.9,0,0,0,0,0,0,0,0
Légère ou Moyenne,400,Février,H1b,66.8,5.2,45.92,672,8874.7,5962.7,672,10218.7,6.1,0,0,0,0,0,0,0,0
Légère ou Moyenne,400,Mars,H1b,99,7.3,61.88,737,8207.7,5001.6,744,9689.8,6.4,0,0,0,0,0,0,0,0
Légère ou Moyenne,400,Avril,H1b,152.7,10.3,79.71,664,5914.4,3126.6,700,7285,7.6,0,0,0,0,0,0,0,0
Légère ou Moyenne,400,Mai,H1b,182.7,14.4,86.58,558,3555.9,1349.8,631,4759.3,11.3,27.3,28.5,5.62,1.77,20,5,20.1,2.6
Légère ou Moyenne,400,Juin,H1b,215.6,13.6,1.39,24,104.7,27.2,24,152.7,14.9,28.3,29.8,23.12,12.04,189,39,188.5,72
Légère ou Moyenne,400,Juillet,H1b,227.4,0,0,0,0,0,0,0,16.9,28.9,29.8,43.62,30.73,389,90,388.8,163.6
Légère ou Moyenne,400,Août,H1b,188.8,0,0,0,0,0,0,0,17.3,28.9,30,22.2,14.9,200,44,199.8,88
Légère ou Moyenne,400,Septembre,H1b,148.7,14.5,3.04,47,215.8,46.4,48,311.6,16.8,27.3,28.2,3.25,0.46,11,1,10.8,0.2
Légère ou Moyenne,400,Octobre,H1b,101.5,12.3,61.93,568,4109.7,1704.6,603,5278.8,14.6,0,0,0,0,0,0,0,0
Légère ou Moyenne,400,Novembre,H1b,46.5,6.6,33.95,720,8473.8,5382.8,720,9913.8,10.5,0,0,0,0,0,0,0,0
Légère ou Moyenne,400,Décembre,H1b,47.9,3.8,37.72,744,10452.5,7584.5,744,11940.5,7.9,0,0,0,0,0,0,0,0
Lourde ou Très lourde,400,Janvier,H1b,41.5,4.7,31.13,744,10180.7,6952.7,744,11668.7,6.9,0,0,0,0,0,0,0,0
Lourde ou Très lourde,400,Février,H1b,66.8,5.2,45.92,672,8874.7,5962.7,672,10218.7,6.1,0,0,0,0,0,0,0,0
Lourde ou Très lourde,400,Mars,H1b,99,7.3,61.88,737,8207.7,5001.6,744,9689.8,6.4,0,0,0,0,0,0,0,0
Lourde ou Très lourde,400,Avril,H1b,152.7,10.3,79.71,664,5914.4,3126.6,700,7285,7.6,0,0,0,0,0,0,0,0
Lourde ou Très lourde,400,Mai,H1b,182.7,14,48.02,310,2174.8,887.6,338,2827.6,11.3,27.3,28.5,5.62,1.77,20,5,20.1,2.6
Lourde ou Très lourde,400,Juin,H1b,215.6,0,0,0,0,0,0,0,14.9,28.3,29.8,23.12,12.04,189,39,188.5,72
Lourde ou Très lourde,400,Juillet,H1b,227.4,0,0,0,0,0,0,0,16.9,28.9,29.8,43.62,30.73,389,90,388.8,163.6
Lourde ou Très lourde,400,Août,H1b,188.8,0,0,0,0,0,0,0,17.3,28.9,30,22.2,14.9,200,44,199.8,88
Lourde ou Très lourde,400,Septembre,H1b,148.7,0,0,0,0,0,0,0,16.8,27.3,28.2,3.25,0.46,11,1,10.8,0.2
Lourde ou Très lourde,400,Octobre,H1b,101.5,12.4,52.89,434,3218.1,1383.5,463,4112.7,14.6,0,0,0,0,0,0,0,0
Lourde ou Très lourde,400,Novembre,H1b,46.5,6.6,33.95,720,8473.8,5382.8,720,9913.8,10.5,0,0,0,0,0,0,0,0
Lourde ou Très lourde,400,Décembre,H1b,47.9,3.8,37.72,744,10452.5,7584.5,744,11940.5,7.9,0,0,0,0,0,0,0,0
Légère ou Moyenne,800,Janvier,H1b,41.5,2.7,31.13,744,11668.7,8440.7,744,13156.7,4.9,0,0,0,0,0,0,0,0
Légère ou Moyenne,800,Février,H1b,66.8,3.2,45.92,672,10218.7,7290.9,672,11562.7,4.1,0,0,0,0,0,0,0,0
Légère ou Moyenne,800,Mars,H1b,99,5.3,61.88,744,9689.8,6457.6,744,11177.8,4.4,0,0,0,0,0,0,0,0
Légère ou Moyenne,800,Avril,H1b,152.7,8.3,79.71,700,7285,4332.8,718,8706.2,5.6,0,0,0,0,0,0,0,0
Légère ou Moyenne,800,Mai,H1b,182.7,12.4,86.58,631,4759.3,2215.1,682,6074.9,9.3,0,0,1.77,0,5,0,20.1,2.6
Légère ou Moyenne,800,Juin,H1b,215.6,11.6,1.39,24,152.7,59.2,24,200.7,12.9,29.8,29.8,12.04,5.09,39,15,188.5,72
Légère ou Moyenne,800,Juillet,H1b,227.4,0,0,0,0,0,0,0,14.9,29,29,30.73,13.34,90,37,388.8,163.6
Légère ou Moyenne,800,Août,H1b,188.8,13.5,14.78,95,588.9,239.6,113,800.8,15.3,29.4,29.4,14.9,7.64,44,20,199.8,88
Légère ou Moyenne,800,Septembre,H1b,148.7,13.9,96.37,658,4119.6,1546.5,733,5508.4,14.8,0,0,0.46,0,1,0,10.8,0.2
Légère ou Moyenne,800,Octobre,H1b,101.5,10.3,61.93,603,5278.8,2696.5,624,6509.3,12.6,0,0,0,0,0,0,0,0
Légère ou Moyenne,800,Novembre,H1b,46.5,4.6,33.95,720,9913.8,6795.1,720,11353.8,8.5,0,0,0,0,0,0,0,0
Légère ou Moyenne,800,Décembre,H1b,47.9,1.8,37.72,744,11940.5,9072.5,744,13428.5,5.9,0,0,0,0,0,0,0,0
Lourde ou Très lourde,800,Janvier,H1b,41.5,2.7,31.13,744,11668.7,8440.7,744,13156.7,4.9,0,0,0,0,0,0,0,0
Lourde ou Très lourde,800,Février,H1b,66.8,3.2,45.92,672,10218.7,7290.9,672,11562.7,4.1,0,0,0,0,0,0,0,0
Lourde ou Très lourde,800,Mars,H1b,99,5.3,61.88,744,9689.8,6457.6,744,11177.8,4.4,0,0,0,0,0,0,0,0
Lourde ou Très lourde,800,Avril,H1b,152.7,8.3,79.71,700,7285,4332.8,718,8706.2,5.6,0,0,0,0,0,0,0,0
Lourde ou Très lourde,800,Mai,H1b,182.7,12,48.02,337,2826.2,1406.2,369,3533.3,9.3,0,0,1.77,0,5,0,20.1,2.6
Lourde ou Très lourde,800,Juin,H1b,215.6,0,0,0,0,0,0,0,12.9,29.8,29.8,12.04,5.09,39,15,188.5,72
Lourde ou Très lourde,800,Juillet,H1b,227.4,0,0,0,0,0,0,0,14.9,29,29,30.73,13.34,90,37,388.8,163.6
Lourde ou Très lourde,800,Août,H1b,188.8,0,0,0,0,0,0,0,15.3,29.4,29.4,14.9,7.64,44,20,199.8,88
Lourde ou Très lourde,800,Septembre,H1b,148.7,13.4,57.8,430,2766.9,1050.4,463,3655.5,14.8,0,0,0.46,0,1,0,10.8,0.2
Lourde ou Très lourde,800,Octobre,H1b,101.5,10.3,61.93,603,5278.8,2696.5,624,6509.3,12.6,0,0,0,0,0,0,0,0
Lourde ou Très lourde,800,Novembre,H1b,46.5,4.6,33.95,720,9913.8,6795.1,720,11353.8,8.5,0,0,0,0,0,0,0,0
Lourde ou Très lourde,800,Décembre,H1b,47.9,1.8,37.72,744,11940.5,9072.5,744,13428.5,5.9,0,0,0,0,0,0,0,0
Légère ou Moyenne,8000,Janvier,H1b,41.5,0.7,31.13,744,13156.7,9928.7,744,14644.7,2.9,0,0,0,0,0,0,0,0
Légère ou Moyenne,8000,Février,H1b,66.8,1.2,45.92,672,11562.7,8634.7,672,12906.7,2.1,0,0,0,0,0,0,0,0
Légère ou Moyenne,8000,Mars,H1b,99,3.3,61.88,744,11177.8,7937.8,744,12665.8,2.4,0,0,0,0,0,0,0,0
Légère ou Moyenne,8000,Avril,H1b,152.7,6.3,79.71,718,8706.2,5651.1,720,10144,3.6,0,0,0,0,0,0,0,0
Légère ou Moyenne,8000,Mai,H1b,182.7,10.4,86.58,682,6074.9,3258.1,708,7463.5,7.3,0,0,0,0,0,0,0,0
Légère ou Moyenne,8000,Juin,H1b,215.6,14.1,68.66,462,2889.6,1073.6,497,3848.8,10.9,27.8,29.2,5.09,1.96,15,5,26.9,6
Légère ou Moyenne,8000,Juillet,H1b,227.4,0,0,0,0,0,0,0,12.9,27,28.2,13.34,1.45,37,3,38.7,0.7
Légère ou Moyenne,8000,Août,H1b,188.8,11.4,14.78,114,810.3,385.2,121,1049.4,13.3,27.4,28.6,7.64,2.72,20,6,28.9,3.9
Légère ou Moyenne,8000,Septembre,H1b,148.7,12.2,88.7,633,4600.9,2065.2,683,5913.7,12.8,0,0,0,0,0,0,0,0
Légère ou Moyenne,8000,Octobre,H1b,101.5,8.4,61.93,628,6562.7,3860.9,638,7828.3,10.6,0,0,0,0,0,0,0,0
Légère ou Moyenne,8000,Novembre,H1b,46.5,2.6,33.95,720,11353.8,8233.8,720,12793.8,6.5,0,0,0,0,0,0,0,0
Légère ou Moyenne,8000,Décembre,H1b,47.9,-0.2,37.72,744,13428.5,10560.5,744,14916.5,3.9,0,0,0,0,0,0,0,0
Lourde ou Très lourde,8000,Janvier,H1b,41.5,0.7,31.13,744,13156.7,9928.7,744,14644.7,2.9,0,0,0,0,0,0,0,0
Lourde ou Très lourde,8000,Février,H1b,66.8,1.2,45.92,672,11562.7,8634.7,672,12906.7,2.1,0,0,0,0,0,0,0,0
Lourde ou Très lourde,8000,Mars,H1b,99,3.3,61.88,744,11177.8,7937.8,744,12665.8,2.4,0,0,0,0,0,0,0,0
Lourde ou Très lourde,8000,Avril,H1b,152.7,6.3,68.92,622,7551.9,4928.7,624,8797.7,3.6,0,0,0,0,0,0,0,0
Lourde ou Très lourde,8000,Mai,H1b,182.7,0,0,0,0,0,0,0,7.3,0,0,0,0,0,0,0,0
Lourde ou Très lourde,8000,Juin,H1b,215.6,0,0,0,0,0,0,0,10.9,27.8,29.2,5.09,1.96,15,5,26.9,6
Lourde ou Très lourde,8000,Juillet,H1b,227.4,0,0,0,0,0,0,0,12.9,27,28.2,13.34,1.45,37,3,38.7,0.7
Lourde ou Très lourde,8000,Août,H1b,188.8,0,0,0,0,0,0,0,13.3,27.4,28.6,7.64,2.72,20,6,28.9,3.9
Lourde ou Très lourde,8000,Septembre,H1b,148.7,0,0,0,0,0,0,0,12.8,0,0,0,0,0,0,0,0
Lourde ou Très lourde,8000,Octobre,H1b,101.5,8.5,53.53,508,5281.6,3107.8,518,6307.2,10.6,0,0,0,0,0,0,0,0
Lourde ou Très lourde,8000,Novembre,H1b,46.5,2.6,33.95,720,11353.8,8233.8,720,12793.8,6.5,0,0,0,0,0,0,0,0
Lourde ou Très lourde,8000,Décembre,H1b,47.9,-0.2,37.72,744,13428.5,10560.5,744,14916.5,3.9,0,0,0,0,0,0,0,0
Légère ou Moyenne,400,Janvier,H1c,61.5,3.8,47.86,741,10855.3,7640.7,744,12341.2,6.1,0,0,0,0,0,0,0,0
Légère ou Moyenne,400,Février,H1c,81.3,3.9,55.9,672,9690.3,6768.8,672,11034.3,4.4,0,0,0,0,0,0,0,0
Légère ou Moyenne,400,Mars,H1c,149.7,8.5,91.2,730,7369.8,4277.2,743,8843.1,8.5,0,0,0,0,0,0,0,0
Légère ou Moyenne,400,Avril,H1c,178.3,11.6,86.83,640,5072.2,2436,680,6396.5,9,0,0,0,0,0,0,0,0
Légère ou Moyenne,400,Mai,H1c,185,16.6,81.59,499,2340.3,613.4,582,3424.8,14.1,27.7,30.5,14.82,3.08,73,8,73,20.1
Légère ou Moyenne,400,Juin,H1c,228.2,14.7,11.4,71,410,119,86,567.2,15.7,28.9,30,19.42,11.8,211,46,211,89.8
Légère ou Moyenne,400,Juillet,H1c,236.7,0,0,0,0,0,0,0,18.2,28.8,30.2,40.66,25.12,438,88,438.1,191.5
Légère ou Moyenne,400,Août,H1c,211.5,0,0,0,0,0,0,0,18.8,29,30.2,47.08,32.34,436,91,436.1,202.8
Légère ou Moyenne,400,Septembre,H1c,166.7,0,0,0,0,0,0,0,18,27.4,28.9,13.6,3.05,52,9,51.8,8.3
Légère ou Moyenne,400,Octobre,H1c,100.3,12,39.01,396,3330.7,1762.7,428,4156.7,15.8,0,0,0,0,0,0,0,0
Légère ou Moyenne,400,Novembre,H1c,62.7,7.6,45.76,717,7720,4669.4,718,9154.2,11.3,0,0,0,0,0,0,0,0
Légère ou Moyenne,400,Décembre,H1c,43.5,3.2,33.59,744,10884.4,8016.4,744,12372.4,7.3,0,0,0,0,0,0,0,0
Lourde ou Très lourde,400,Janvier,H1c,61.5,3.8,47.86,741,10855.3,7640.7,744,12341.2,6.1,0,0,0,0,0,0,0,0
Lourde ou Très lourde,400,Février,H1c,81.3,3.9,55.9,672,9690.3,6768.8,672,11034.3,4.4,0,0,0,0,0,0,0,0
Lourde ou Très lourde,400,Mars,H1c,149.7,8.5,91.2,730,7369.8,4277.2,743,8843.1,8.5,0,0,0,0,0,0,0,0
Lourde ou Très lourde,400,Avril,H1c,178.3,11.6,86.83,640,5072.2,2436,680,6396.5,9,0,0,0,0,0,0,0,0
Lourde ou Très lourde,400,Mai,H1c,185,15.5,41.69,324,1543.9,391.5,373,2243.2,14.1,27.7,30.5,14.82,3.08,73,8,73,20.1
Lourde ou Très lourde,400,Juin,H1c,228.2,0,0,0,0,0,0,0,15.7,28.9,30,19.42,11.8,211,46,211,89.8
Lourde ou Très lourde,400,Juillet,H1c,236.7,0,0,0,0,0,0,0,18.2,28.8,30.2,40.66,25.12,438,88,438.1,191.5
Lourde ou Très lourde,400,Août,H1c,211.5,0,0,0,0,0,0,0,18.8,29,30.2,47.08,32.34,436,91,436.1,202.8
Lourde ou Très lourde,400,Septembre,H1c,166.7,0,0,0,0,0,0,0,18,27.4,28.9,13.6,3.05,52,9,51.8,8.3
Lourde ou Très lourde,400,Octobre,H1c,100.3,5.5,13.39,144,1865.2,1229.2,144,2153.2,15.8,0,0,0,0,0,0,0,0
Lourde ou Très lourde,400,Novembre,H1c,62.7,7.6,45.76,717,7720,4669.4,718,9154.2,11.3,0,0,0,0,0,0,0,0
Lourde ou Très lourde,400,Décembre,H1c,43.5,3.2,33.59,744,10884.4,8016.4,744,12372.4,7.3,0,0,0,0,0,0,0,0
Légère ou Moyenne,800,Janvier,H1c,61.5,1.8,47.86,744,12341.2,9115.3,744,13829.2,4.1,0,0,0,0,0,0,0,0
Légère ou Moyenne,800,Février,H1c,81.3,1.9,55.9,672,11034.3,8106.3,672,12378.3,2.4,0,0,0,0,0,0,0,0
Légère ou Moyenne,800,Mars,H1c,149.7,6.5,91.2,743,8843.1,5638.5,744,10330.9,6.5,0,0,0,0,0,0,0,0
Légère ou Moyenne,800,Avril,H1c,178.3,9.6,86.83,680,6396.5,3536.6,711,7787,7,0,0,0,0,0,0,0,0
Légère ou Moyenne,800,Mai,H1c,185,14.6,81.59,582,3424.8,1223.4,632,4637.2,12.1,29.3,29.3,3.08,0,8,5,73,20.1
Légère ou Moyenne,800,Juin,H1c,228.2,14.2,68.95,375,2088.6,622.2,413,2878.9,13.7,29.5,29.5,11.8,4.61,46,19,211,89.8
Légère ou Moyenne,800,Juillet,H1c,236.7,0,0,0,0,0,0,0,16.2,29.2,29.2,25.12,14.28,88,46,438.1,191.5
Légère ou Moyenne,800,Août,H1c,211.5,0,0,0,0,0,0,0,16.8,29.4,29.4,32.34,17.37,91,46,436.1,202.8
Légère ou Moyenne,800,Septembre,H1c,166.7,15,41.47,250,1398.1,412.9,285,1928.1,16,0,0,3.05,0,9,0,51.8,8.3
Légère ou Moyenne,800,Octobre,H1c,100.3,11.5,66.87,652,5280.4,2720.9,697,6634.5,13.8,0,0,0,0,0,0,0,0
Légère ou Moyenne,800,Novembre,H1c,62.7,5.6,45.76,718,9154.2,6054.9,720,10593.5,9.3,0,0,0,0,0,0,0,0
Légère ou Moyenne,800,Décembre,H1c,43.5,1.2,33.59,744,12372.4,9504.4,744,13860.4,5.3,0,0,0,0,0,0,0,0
Lourde ou Très lourde,800,Janvier,H1c,61.5,1.8,47.86,744,12341.2,9115.3,744,13829.2,4.1,0,0,0,0,0,0,0,0
Lourde ou Très lourde,800,Février,H1c,81.3,1.9,55.9,672,11034.3,8106.3,672,12378.3,2.4,0,0,0,0,0,0,0,0
Lourde ou Très lourde,800,Mars,H1c,149.7,6.5,91.2,743,8843.1,5638.5,744,10330.9,6.5,0,0,0,0,0,0,0,0
Lourde ou Très lourde,800,Avril,H1c,178.3,9.6,86.83,680,6396.5,3536.6,711,7787,7,0,0,0,0,0,0,0,0
Lourde ou Très lourde,800,Mai,H1c,185,14.6,81.59,582,3424.8,1223.4,632,4637.2,12.1,29.3,29.3,3.08,0,8,5,73,20.1
Lourde ou Très lourde,800,Juin,H1c,228.2,13.7,24.21,121,729.2,278.8,134,986.2,13.7,29.5,29.5,11.8,4.61,46,19,211,89.8
Lourde ou Très lourde,800,Juillet,H1c,236.7,0,0,0,0,0,0,0,16.2,29.2,29.2,25.12,14.28,88,46,438.1,191.5
Lourde ou Très lourde,800,Août,H1c,211.5,0,0,0,0,0,0,0,16.8,29.4,29.4,32.34,17.37,91,46,436.1,202.8
Lourde ou Très lourde,800,Septembre,H1c,166.7,15,43.65,263,1458,425.5,301,2018.5,16,0,0,3.05,0,9,0,51.8,8.3
Lourde ou Très lourde,800,Octobre,H1c,100.3,11.5,66.87,652,5280.4,2720.9,697,6634.5,13.8,0,0,0,0,0,0,0,0
Lourde ou Très lourde,800,Novembre,H1c,62.7,5.6,45.76,718,9154.2,6054.9,720,10593.5,9.3,0,0,0,0,0,0,0,0
Lourde ou Très lourde,800,Décembre,H1c,43.5,1.2,33.59,744,12372.4,9504.4,744,13860.4,5.3,0,0,0,0,0,0,0,0
Légère ou Moyenne,8000,Janvier,H1c,61.5,-0.2,47.86,744,13829.2,10601.2,744,15317.2,2.1,0,0,0,0,0,0,0,0
Légère ou Moyenne,8000,Février,H1c,81.3,-0.1,55.9,672,12378.3,9450.3,672,13722.3,0.4,0,0,0,0,0,0,0,0
Légère ou Moyenne,8000,Mars,H1c,149.7,4.5,91.2,744,10330.9,7091.2,744,11818.9,4.5,0,0,0,0,0,0,0,0
Légère ou Moyenne,8000,Avril,H1c,178.3,7.6,86.83,711,7787,4784.4,717,9216.3,5,0,0,0,0,0,0,0,0
Légère ou Moyenne,8000,Mai,H1c,185,12.6,81.59,632,4637.2,2087.5,671,5941.6,10.1,27.3,28.4,2.03,0.33,5,1,6.7,0.4
Légère ou Moyenne,8000,Juin,H1c,228.2,12.3,53.86,429,2989.4,1228.6,466,3877.5,11.7,27.5,28.7,4.61,1.1,19,4,28,2.9
Légère ou Moyenne,8000,Juillet,H1c,236.7,0,0,0,0,0,0,0,14.2,27.2,28.4,14.28,1.2,46,5,56.3,2.2
Légère ou Moyenne,8000,Août,H1c,211.5,0,0,0,0,0,0,0,14.8,27.4,28.9,17.37,5.03,46,13,62.5,11.1
Légère ou Moyenne,8000,Septembre,H1c,166.7,13.8,91.65,566,3576,1322.74,626,4767,14,0,0,0,0,0,0,0,0
Légère ou Moyenne,8000,Octobre,H1c,100.3,9.5,66.87,697,6634.5,3781.7,732,8069.3,11.8,0,0,0,0,0,0,0,0
Légère ou Moyenne,8000,Novembre,H1c,62.7,3.6,45.76,720,10593.5,7474.7,720,12033.5,7.3,0,0,0,0,0,0,0,0
Légère ou Moyenne,8000,Décembre,H1c,43.5,-0.8,33.59,744,13860.4,10992.4,744,15348.4,3.3,0,0,0,0,0,0,0,0
Lourde ou Très lourde,8000,Janvier,H1c,61.5,-0.2,47.86,744,13829.2,10601.2,744,15317.2,2.1,0,0,0,0,0,0,0,0
Lourde ou Très lourde,8000,Février,H1c,81.3,-0.1,55.9,672,12378.3,9450.3,672,13722.3,0.4,0,0,0,0,0,0,0,0
Lourde ou Très lourde,8000,Mars,H1c,149.7,4.5,91.2,744,10330.9,7091.2,744,11818.9,4.5,0,0,0,0,0,0,0,0
Lourde ou Très lourde,8000,Avril,H1c,178.3,7.6,86.83,711,7787,4784.4,717,9216.3,5,0,0,0,0,0,0,0,0
Lourde ou Très lourde,8000,Mai,H1c,185,12.6,81.59,632,4637.2,2087.5,671,5941.6,10.1,27.3,28.4,2.03,0.33,5,1,6.7,0.4
Lourde ou Très lourde,8000,Juin,H1c,228.2,10.7,11.4,94,748.3,355.8,96,939.6,11.7,27.5,28.7,4.61,1.1,19,4,28,2.9
Lourde ou Très lourde,8000,Juillet,H1c,236.7,0,0,0,0,0,0,0,14.2,27.2,28.4,14.28,1.2,46,5,56.3,2.2
Lourde ou Très lourde,8000,Août,H1c,211.5,0,0,0,0,0,0,0,14.8,27.4,28.9,17.37,5.03,46,13,62.5,11.1
Lourde ou Très lourde,8000,Septembre,H1c,166.7,13.2,33.16,244,1612.4,623.8,266,2124.5,14,0,0,0,0,0,0,0,0
Lourde ou Très lourde,8000,Octobre,H1c,100.3,9.5,66.87,697,6634.5,3781.7,732,8069.3,11.8,0,0,0,0,0,0,0,0
Lourde ou Très lourde,8000,Novembre,H1c,62.7,3.6,45.76,720,10593.5,7474.7,720,12033.5,7.3,0,0,0,0,0,0,0,0
Lourde ou Très lourde,8000,Décembre,H1c,43.5,-0.8,33.59,744,13860.4,10992.4,744,15348.4,3.3,0,0,0,0,0,0,0,0
Légère ou Moyenne,400,Janvier,H2a,52.6,5.8,39.47,744,9307.3,6080,744,10795.3,8.9,0,0,0,0,0,0,0,0
Légère ou Moyenne,400,Février,H2a,86.2,4.4,61.19,672,9402.9,6474.9,672,10746.9,7.2,0,0,0,0,0,0,0,0
Légère ou Moyenne,400,Mars,H2a,150.4,8.6,95.11,727,7252.2,4167.5,741,8719.6,8.2,0,0,0,0,0,0,0,0
Légère ou Moyenne,400,Avril,H2a,159.3,10.2,84.18,698,5896.3,2967.3,712,7309.9,9.6,0,0,0,0,0,0,0,0
Légère ou Moyenne,400,Mai,H2a,184.3,13.8,87.48,636,3619.8,1233,706,4964.6,11.1,0,0,0,0,0,0,0,0
Légère ou Moyenne,400,Juin,H2a,214.3,15.4,29.28,179,880.2,217.4,210,1271.2,16.3,28.6,29.6,9.47,5.25,86,19,85.5,29.6
Légère ou Moyenne,400,Juillet,H2a,210.3,0,0,0,0,0,0,0,18.7,28.6,29.8,23.6,13.71,197,42,197.5,74.4
Légère ou Moyenne,400,Août,H2a,186.8,0,0,0,0,0,0,0,17.1,28.5,29.8,14.6,9.53,101,23,101,42
Légère ou Moyenne,400,Septembre,H2a,165.7,14,44.42,269,1608.5,597.5,304,2190.7,18.2,28.2,29.6,9.78,3.81,51,10,50.5,16.1
Légère ou Moyenne,400,Octobre,H2a,92.3,12.6,61.93,693,4334.8,1613.7,736,5770.5,15.9,0,0,0,0,0,0,0,0
Légère ou Moyenne,400,Novembre,H2a,83.3,9.4,63.38,720,6404,3341.2,720,7844,13.3,0,0,0,0,0,0,0,0
Légère ou Moyenne,400,Décembre,H2a,52.1,6.2,41.26,744,8679.6,5818.4,744,10167.6,10.5,0,0,0,0,0,0,0,0
Lourde ou Très lourde,400,Janvier,H2a,52.6,5.8,39.47,744,9307.3,6080,744,10795.3,8.9,0,0,0,0,0,0,0,0
Lourde ou Très lourde,400,Février,H2a,86.2,4.4,61.19,672,9402.9,6474.9,672,10746.9,7.2,0,0,0,0,0,0,0,0
Lourde ou Très lourde,400,Mars,H2a,150.4,8.6,95.11,727,7252.2,4167.5,741,8719.6,8.2,0,0,0,0,0,0,0,0
Lourde ou Très lourde,400,Avril,H2a,159.3,10.2,84.18,698,5896.3,2967.3,712,7309.9,9.6,0,0,0,0,0,0,0,0
Lourde ou Très lourde,400,Mai,H2a,184.3,13.5,71.22,519,3070,1120,569,4160.5,11.1,0,0,0,0,0,0,0,0
Lourde ou Très lourde,400,Juin,H2a,214.3,0,0,0,0,0,0,0,16.3,28.6,29.6,9.47,5.25,86,19,85.5,29.6
Lourde ou Très lourde,400,Juillet,H2a,210.3,0,0,0,0,0,0,0,18.7,28.6,29.8,23.6,13.71,197,42,197.5,74.4
Lourde ou Très lourde,400,Août,H2a,186.8,0,0,0,0,0,0,0,17.1,28.5,29.8,14.6,9.53,101,23,101,42
Lourde ou Très lourde,400,Septembre,H2a,165.7,0,0,0,0,0,0,0,18.2,28.2,29.6,9.78,3.81,51,10,50.5,16.1
Lourde ou Très lourde,400,Octobre,H2a,92.3,12.4,59.63,656,4227.7,1609.8,690,5578.2,15.9,0,0,0,0,0,0,0,0
Lourde ou Très lourde,400,Novembre,H2a,83.3,9.4,63.38,720,6404,3341.2,720,7844,13.3,0,0,0,0,0,0,0,0
Lourde ou Très lourde,400,Décembre,H2a,52.1,6.2,41.26,744,8679.6,5818.4,744,10167.6,10.5,0,0,0,0,0,0,0,0
Légère ou Moyenne,800,Janvier,H2a,52.6,3.8,39.47,744,10795.3,7567.3,744,12283.3,6.9,0,0,0,0,0,0,0,0
Légère ou Moyenne,800,Février,H2a,86.2,2.4,61.19,672,10746.9,7818.9,672,12090.9,5.2,0,0,0,0,0,0,0,0
Légère ou Moyenne,800,Mars,H2a,150.4,6.6,95.11,741,8719.6,5541.4,744,10206.4,6.2,0,0,0,0,0,0,0,0
Légère ou Moyenne,800,Avril,H2a,159.3,8.2,84.18,712,7309.9,4258.1,720,8742.9,7.6,0,0,0,0,0,0,0,0
Légère ou Moyenne,800,Mai,H2a,184.3,11.8,87.48,706,4964.6,2148.4,730,6404,9.1,0,0,0,0,0,0,0,0
Légère ou Moyenne,800,Juin,H2a,214.3,13.4,32.35,231,1396.7,507.3,250,1878.6,14.3,29.5,29.5,5.25,1.8,19,6,85.5,29.6
Légère ou Moyenne,800,Juillet,H2a,210.3,0,0,0,0,0,0,0,16.7,29.1,29.1,13.71,5.12,42,14,197.5,74.4
Légère ou Moyenne,800,Août,H2a,186.8,0,0,0,0,0,0,0,15.1,29,29,9.53,3.92,23,9,101,42
Légère ou Moyenne,800,Septembre,H2a,165.7,12.4,48.52,346,2390.1,1009.2,373,3112.4,16.2,28.7,28.7,3.81,2.13,10,5,50.5,16.1
Légère ou Moyenne,800,Octobre,H2a,92.3,10.6,61.93,736,5770.5,2703.4,744,7251.6,13.9,0,0,0,0,0,0,0,0
Légère ou Moyenne,800,Novembre,H2a,83.3,7.4,63.38,720,7844,4724,720,9284,11.3,0,0,0,0,0,0,0,0
Légère ou Moyenne,800,Décembre,H2a,52.1,4.2,41.26,744,10167.6,7299.6,744,11655.6,8.5,0,0,0,0,0,0,0,0
Lourde ou Très lourde,800,Janvier,H2a,52.6,3.8,39.47,744,10795.3,7567.3,744,12283.3,6.9,0,0,0,0,0,0,0,0
Lourde ou Très lourde,800,Février,H2a,86.2,2.4,61.19,672,10746.9,7818.9,672,12090.9,5.2,0,0,0,0,0,0,0,0
Lourde ou Très lourde,800,Mars,H2a,150.4,6.6,95.11,741,8719.6,5541.4,744,10206.4,6.2,0,0,0,0,0,0,0,0
Lourde ou Très lourde,800,Avril,H2a,159.3,8.2,84.18,712,7309.9,4258.1,720,8742.9,7.6,0,0,0,0,0,0,0,0
Lourde ou Très lourde,800,Mai,H2a,184.3,11.6,76.39,617,4465,1990.3,638,5724,9.1,0,0,0,0,0,0,0,0
Lourde ou Très lourde,800,Juin,H2a,214.3,0,0,0,0,0,0,0,14.3,29.5,29.5,5.25,1.8,19,6,85.5,29.6
Lourde ou Très lourde,800,Juillet,H2a,210.3,0,0,0,0,0,0,0,16.7,29.1,29.1,13.71,5.12,42,14,197.5,74.4
Lourde ou Très lourde,800,Août,H2a,186.8,0,0,0,0,0,0,0,15.1,29,29,9.53,3.92,23,9,101,42
Lourde ou Très lourde,800,Septembre,H2a,165.7,12.5,5.81,72,442.1,134.7,72,586.1,16.2,28.7,28.7,3.81,2.13,10,5,50.5,16.1
Lourde ou Très lourde,800,Octobre,H2a,92.3,10.6,61.93,736,5770.5,2703.4,744,7251.6,13.9,0,0,0,0,0,0,0,0
Lourde ou Très lourde,800,Novembre,H2a,83.3,7.4,63.38,720,7844,4724,720,9284,11.3,0,0,0,0,0,0,0,0
Lourde ou Très lourde,800,Décembre,H2a,52.1,4.2,41.26,744,10167.6,7299.6,744,11655.6,8.5,0,0,0,0,0,0,0,0
Légère ou Moyenne,8000,Janvier,H2a,52.6,0,0,0,0,0,0,0,0,0,0,0,0,0,0,0,0
Légère ou Moyenne,8000,Février,H2a,86.2,0,0,0,0,0,0,0,0,0,0,0,0,0,0,0,0
Légère ou Moyenne,8000,Mars,H2a,150.4,0,0,0,0,0,0,0,0,0,0,0,0,0,0,0,0
Légère ou Moyenne,8000,Avril,H2a,159.3,0,0,0,0,0,0,0,0,0,0,0,0,0,0,0,0
Légère ou Moyenne,8000,Mai,H2a,184.3,0,0,0,0,0,0,0,0,0,0,0,0,0,0,0,0
Légère ou Moyenne,8000,Juin,H2a,214.3,0,0,0,0,0,0,0,0,0,0,0,0,0,0,0,0
Légère ou Moyenne,8000,Juillet,H2a,210.3,0,0,0,0,0,0,0,0,0,0,0,0,0,0,0,0
Légère ou Moyenne,8000,Août,H2a,186.8,0,0,0,0,0,0,0,0,0,0,0,0,0,0,0,0
Légère ou Moyenne,8000,Septembre,H2a,165.7,0,0,0,0,0,0,0,0,0,0,0,0,0,0,0,0
Légère ou Moyenne,8000,Octobre,H2a,92.3,0,0,0,0,0,0,0,0,0,0,0,0,0,0,0,0
Légère ou Moyenne,8000,Novembre,H2a,83.3,0,0,0,0,0,0,0,0,0,0,0,0,0,0,0,0
Légère ou Moyenne,8000,Décembre,H2a,52.1,0,0,0,0,0,0,0,0,0,0,0,0,0,0,0,0
Lourde ou Très lourde,8000,Janvier,H2a,52.6,0,0,0,0,0,0,0,0,0,0,0,0,0,0,0,0
Lourde ou Très lourde,8000,Février,H2a,86.2,0,0,0,0,0,0,0,0,0,0,0,0,0,0,0,0
Lourde ou Très lourde,8000,Mars,H2a,150.4,0,0,0,0,0,0,0,0,0,0,0,0,0,0,0,0
Lourde ou Très lourde,8000,Avril,H2a,159.3,0,0,0,0,0,0,0,0,0,0,0,0,0,0,0,0
Lourde ou Très lourde,8000,Mai,H2a,184.3,0,0,0,0,0,0,0,0,0,0,0,0,0,0,0,0
Lourde ou Très lourde,8000,Juin,H2a,214.3,0,0,0,0,0,0,0,0,0,0,0,0,0,0,0,0
Lourde ou Très lourde,8000,Juillet,H2a,210.3,0,0,0,0,0,0,0,0,0,0,0,0,0,0,0,0
Lourde ou Très lourde,8000,Août,H2a,186.8,0,0,0,0,0,0,0,0,0,0,0,0,0,0,0,0
Lourde ou Très lourde,8000,Septembre,H2a,165.7,0,0,0,0,0,0,0,0,0,0,0,0,0,0,0,0
Lourde ou Très lourde,8000,Octobre,H2a,92.3,0,0,0,0,0,0,0,0,0,0,0,0,0,0,0,0
Lourde ou Très lourde,8000,Novembre,H2a,83.3,0,0,0,0,0,0,0,0,0,0,0,0,0,0,0,0
Lourde ou Très lourde,8000,Décembre,H2a,52.1,0,0,0,0,0,0,0,0,0,0,0,0,0,0,0,0
Légère ou Moyenne,400,Janvier,H2b,44.6,6.1,32.4,744,9119.8,5893.2,744,10607.8,9,0,0,0,0,0,0,0,0
Légère ou Moyenne,400,Février,H2b,84.3,4.2,59.81,672,9503.7,6575.7,672,10847.7,6.8,0,0,0,0,0,0,0,0
Légère ou Moyenne,400,Mars,H2b,121.1,8.7,73.5,737,7178,4004.4,741,8657.9,8.7,0,0,0,0,0,0,0,0
Légère ou Moyenne,400,Avril,H2b,180.9,10.7,89.72,677,5583.5,2758.8,704,6967.5,9.6,0,0,0,0,0,0,0,0
Légère ou Moyenne,400,Mai,H2b,194.2,14.5,87.98,597,3506.8,1194.4,651,4762.8,12.9,27.5,29.2,8.67,2.2,41,6,41.3,7.3
Légère ou Moyenne,400,Juin,H2b,210.5,15.9,25.33,180,824,162.4,205,1210.4,15.3,28.7,30.4,12.71,6.92,122,24,122.3,57.8
Légère ou Moyenne,400,Juillet,H2b,227.4,0,0,0,0,0,0,0,17.8,28.4,30.5,18.98,9.01,157,27,157.4,68.2
Légère ou Moyenne,400,Août,H2b,213.7,0,0,0,0,0,0,0,18,28.6,29.9,29.97,16.91,220,46,219.8,85.4
Légère ou Moyenne,400,Septembre,H2b,159.3,0,0,0,0,0,0,0,18.1,28.7,30.9,13.61,5.76,94,16,93.8,45.7
Légère ou Moyenne,400,Octobre,H2b,126.5,12.3,67.13,556,3722,1529.2,592,4872.7,15.5,27.6,28.4,9.8,4.48,29,18,29.3,3.4
Légère ou Moyenne,400,Novembre,H2b,56.9,8.1,42.57,716,7387.1,4286.9,719,8822,12.4,0,0,0,0,0,0,0,0
Légère ou Moyenne,400,Décembre,H2b,37,5.6,27.5,744,9081,6214.7,744,10569,9.2,0,0,0,0,0,0,0,0
Lourde ou Très lourde,400,Janvier,H2b,44.6,6.1,32.4,744,9119.8,5893.2,744,10607.8,9,0,0,0,0,0,0,0,0
Lourde ou Très lourde,400,Février,H2b,84.3,4.2,59.81,672,9503.7,6575.7,672,10847.7,6.8,0,0,0,0,0,0,0,0
Lourde ou Très lourde,400,Mars,H2b,121.1,8.7,73.5,737,7178,4004.4,741,8657.9,8.7,0,0,0,0,0,0,0,0
Lourde ou Très lourde,400,Avril,H2b,180.9,10.7,89.72,677,5583.5,2758.8,704,6967.5,9.6,0,0,0,0,0,0,0,0
Lourde ou Très lourde,400,Mai,H2b,194.2,13.4,62.9,502,3027.1,1042.7,540,4074.8,12.9,27.5,29.2,8.67,2.2,41,6,41.3,7.3
Lourde ou Très lourde,400,Juin,H2b,210.5,0,0,0,0,0,0,0,15.3,28.7,30.4,12.71,6.92,122,24,122.3,57.8
Lourde ou Très lourde,400,Juillet,H2b,227.4,0,0,0,0,0,0,0,17.8,28.4,30.5,18.98,9.01,157,27,157.4,68.2
Lourde ou Très lourde,400,Août,H2b,213.7,0,0,0,0,0,0,0,18,28.6,29.9,29.97,16.91,220,46,219.8,85.4
Lourde ou Très lourde,400,Septembre,H2b,159.3,0,0,0,0,0,0,0,18.1,28.7,30.9,13.61,5.76,94,16,93.8,45.7
Lourde ou Très lourde,400,Octobre,H2b,126.5,11.4,37.37,272,2055.7,922.7,285,2614.1,15.5,27.6,28.4,9.8,4.48,29,18,29.3,3.4
Lourde ou Très lourde,400,Novembre,H2b,56.9,8.1,42.57,716,7387.1,4286.9,719,8822,12.4,0,0,0,0,0,0,0,0
Lourde ou Très lourde,400,Décembre,H2b,37,5.6,27.5,744,9081,6214.7,744,10569,9.2,0,0,0,0,0,0,0,0
Légère ou Moyenne,800,Janvier,H2b,44.6,4.1,32.4,744,10607.8,7379.8,744,12095.8,7,0,0,0,0,0,0,0,0
Légère ou Moyenne,800,Février,H2b,84.3,2.2,59.81,672,10847.7,7919.7,672,12191.7,4.8,0,0,0,0,0,0,0,0
Légère ou Moyenne,800,Mars,H2b,121.1,6.7,73.5,741,8657.9,5432.4,742,10140.7,6.7,0,0,0,0,0,0,0,0
Légère ou Moyenne,800,Avril,H2b,180.9,8.7,89.72,704,6967.5,3989,718,8393.9,7.6,0,0,0,0,0,0,0,0
Légère ou Moyenne,800,Mai,H2b,194.2,12.2,84.09,644,4732.4,2086.9,669,6049.8,10.9,0,0,2.2,0,6,0,41.3,7.3
Légère ou Moyenne,800,Juin,H2b,210.5,13.8,27.62,227,1309.3,426.9,240,1780.9,13.3,29.6,29.6,6.92,4.23,24,14,122.3,57.8
Légère ou Moyenne,800,Juillet,H2b,227.4,0,0,0,0,0,0,0,15.8,29.3,29.3,9.01,5.02,27,17,157.4,68.2
Légère ou Moyenne,800,Août,H2b,213.7,0,0,0,0,0,0,0,16,29.6,29.6,16.91,6.4,46,17,219.8,85.4
Légère ou Moyenne,800,Septembre,H2b,159.3,13,46.26,311,2056.2,855.8,336,2705.6,16.1,29.9,29.9,5.76,4.33,16,11,93.8,45.7
Légère ou Moyenne,800,Octobre,H2b,126.5,11.4,87.26,693,5365.9,2519.2,711,6772,13.5,0,0,4.48,0,8,8,29.3,3.4
Légère ou Moyenne,800,Novembre,H2b,56.9,6.1,42.57,719,8822,5707.6,720,10261.9,10.4,0,0,0,0,0,0,0,0
Légère ou Moyenne,800,Décembre,H2b,37,3.6,27.5,744,10569,7701,744,12057,7.2,0,0,0,0,0,0,0,0
Lourde ou Très lourde,800,Janvier,H2b,44.6,4.1,32.4,744,10607.8,7379.8,744,12095.8,7,0,0,0,0,0,0,0,0
Lourde ou Très lourde,800,Février,H2b,84.3,2.2,59.81,672,10847.7,7919.7,672,12191.7,4.8,0,0,0,0,0,0,0,0
Lourde ou Très lourde,800,Mars,H2b,121.1,6.7,73.5,741,8657.9,5432.4,742,10140.7,6.7,0,0,0,0,0,0,0,0
Lourde ou Très lourde,800,Avril,H2b,180.9,8.7,89.72,704,6967.5,3989,718,8393.9,7.6,0,0,0,0,0,0,0,0
Lourde ou Très lourde,800,Mai,H2b,194.2,11.4,66.18,564,4254.8,1920.4,583,5403.7,10.9,0,0,2.2,0,6,0,41.3,7.3
Lourde ou Très lourde,800,Juin,H2b,210.5,0,0,0,0,0,0,0,13.3,29.6,29.6,6.92,4.23,24,14,122.3,57.8
Lourde ou Très lourde,800,Juillet,H2b,227.4,0,0,0,0,0,0,0,15.8,29.3,29.3,9.01,5.02,27,17,157.4,68.2
Lourde ou Très lourde,800,Août,H2b,213.7,0,0,0,0,0,0,0,16,29.6,29.6,16.91,6.4,46,17,219.8,85.4
Lourde ou Très lourde,800,Septembre,H2b,159.3,0,0,0,0,0,0,0,16.1,29.9,29.9,5.76,4.33,16,11,93.8,45.7
Lourde ou Très lourde,800,Octobre,H2b,126.5,11.4,87.26,693,5365.9,2519.2,711,6772,13.5,0,0,4.48,0,8,8,29.3,3.4
Lourde ou Très lourde,800,Novembre,H2b,56.9,6.1,42.57,719,8822,5707.6,720,10261.9,10.4,0,0,0,0,0,0,0,0
Lourde ou Très lourde,800,Décembre,H2b,37,3.6,27.5,744,10569,7701,744,12057,7.2,0,0,0,0,0,0,0,0
Légère ou Moyenne,8000,Janvier,H2b,44.6,0,0,0,0,0,0,0,0,0,0,0,0,0,0,0,0
Légère ou Moyenne,8000,Février,H2b,84.3,0,0,0,0,0,0,0,0,0,0,0,0,0,0,0,0
Légère ou Moyenne,8000,Mars,H2b,121.1,0,0,0,0,0,0,0,0,0,0,0,0,0,0,0,0
Légère ou Moyenne,8000,Avril,H2b,180.9,0,0,0,0,0,0,0,0,0,0,0,0,0,0,0,0
Légère ou Moyenne,8000,Mai,H2b,194.2,0,0,0,0,0,0,0,0,0,0,0,0,0,0,0,0
Légère ou Moyenne,8000,Juin,H2b,210.5,0,0,0,0,0,0,0,0,0,0,0,0,0,0,0,0
Légère ou Moyenne,8000,Juillet,H2b,227.4,0,0,0,0,0,0,0,0,0,0,0,0,0,0,0,0
Légère ou Moyenne,8000,Août,H2b,213.7,0,0,0,0,0,0,0,0,0,0,0,0,0,0,0,0
Légère ou Moyenne,8000,Septembre,H2b,159.3,0,0,0,0,0,0,0,0,0,0,0,0,0,0,0,0
Légère ou Moyenne,8000,Octobre,H2b,126.5,0,0,0,0,0,0,0,0,0,0,0,0,0,0,0,0
Légère ou Moyenne,8000,Novembre,H2b,56.9,0,0,0,0,0,0,0,0,0,0,0,0,0,0,0,0
Légère ou Moyenne,8000,Décembre,H2b,37,0,0,0,0,0,0,0,0,0,0,0,0,0,0,0,0
Lourde ou Très lourde,8000,Janvier,H2b,44.6,0,0,0,0,0,0,0,0,0,0,0,0,0,0,0,0
Lourde ou Très lourde,8000,Février,H2b,84.3,0,0,0,0,0,0,0,0,0,0,0,0,0,0,0,0
Lourde ou Très lourde,8000,Mars,H2b,121.1,0,0,0,0,0,0,0,0,0,0,0,0,0,0,0,0
Lourde ou Très lourde,8000,Avril,H2b,180.9,0,0,0,0,0,0,0,0,0,0,0,0,0,0,0,0
Lourde ou Très lourde,8000,Mai,H2b,194.2,0,0,0,0,0,0,0,0,0,0,0,0,0,0,0,0
Lourde ou Très lourde,8000,Juin,H2b,210.5,0,0,0,0,0,0,0,0,0,0,0,0,0,0,0,0
Lourde ou Très lourde,8000,Juillet,H2b,227.4,0,0,0,0,0,0,0,0,0,0,0,0,0,0,0,0
Lourde ou Très lourde,8000,Août,H2b,213.7,0,0,0,0,0,0,0,0,0,0,0,0,0,0,0,0
Lourde ou Très lourde,8000,Septembre,H2b,159.3,0,0,0,0,0,0,0,0,0,0,0,0,0,0,0,0
Lourde ou Très lourde,8000,Octobre,H2b,126.5,0,0,0,0,0,0,0,0,0,0,0,0,0,0,0,0
Lourde ou Très lourde,8000,Novembre,H2b,56.9,0,0,0,0,0,0,0,0,0,0,0,0,0,0,0,0
Lourde ou Très lourde,8000,Décembre,H2b,37,0,0,0,0,0,0,0,0,0,0,0,0,0,0,0,0
Légère ou Moyenne,400,Janvier,H2c,55.5,5.1,40.4,744,9812.8,6588.7,744,11300.8,9.8,0,0,0,0,0,0,0,0
Légère ou Moyenne,400,Février,H2c,91.4,6.6,63.77,670,7883.1,4997.8,672,9225,9.5,0,0,0,0,0,0,0,0
Légère ou Moyenne,400,Mars,H2c,177.4,9.7,110.02,699,6489.1,3607.4,726,7919.8,10.2,0,0,0,0,0,0,0,0
Légère ou Moyenne,400,Avril,H2c,172,11.8,86.61,652,4888,2158,685,6225.4,11.3,0,0,0,0,0,0,0,0
Légère ou Moyenne,400,Mai,H2c,229.3,13.8,3.53,15,121.4,58.6,20,153.8,14.9,27.5,29.9,10.36,2.03,48,6,48.4,11.1
Légère ou Moyenne,400,Juin,H2c,226.3,0,0,0,0,0,0,0,17.5,28.6,30.2,24.31,12.01,222,43,222.4,92.7
Légère ou Moyenne,400,Juillet,H2c,251.2,0,0,0,0,0,0,0,19.8,29.2,30.5,38.21,25.47,465,92,464.9,225.3
Légère ou Moyenne,400,Août,H2c,231.4,0,0,0,0,0,0,0,19.8,30,31.8,32.22,21.61,400,62,399.8,233.2
Légère ou Moyenne,400,Septembre,H2c,183,15.2,53.63,228,1388.2,510.5,272,1887.2,19.7,29.2,32.1,15.39,7.19,133,19,133,77.9
Légère ou Moyenne,400,Octobre,H2c,107.8,15.7,72.63,542,2804.7,880.2,617,3962.5,17.7,28.4,29.8,10.02,5.75,52,22,52.2,19.6
Légère ou Moyenne,400,Novembre,H2c,84.5,9.1,63.3,693,6725.2,3747.6,709,8128.7,14,0,0,0,0,0,0,0,0
Légère ou Moyenne,400,Décembre,H2c,51.3,5,38.16,744,9535.9,6667.9,744,11023.9,9.8,0,0,0,0,0,0,0,0
Lourde ou Très lourde,400,Janvier,H2c,55.5,5.1,40.4,744,9812.8,6588.7,744,11300.8,9.8,0,0,0,0,0,0,0,0
Lourde ou Très lourde,400,Février,H2c,91.4,6.6,63.77,670,7883.1,4997.8,672,9225,9.5,0,0,0,0,0,0,0,0
Lourde ou Très lourde,400,Mars,H2c,177.4,9.7,110.02,699,6489.1,3607.4,726,7919.8,10.2,0,0,0,0,0,0,0,0
Lourde ou Très lourde,400,Avril,H2c,172,12.2,61.26,412,3120.2,1427.6,445,3977.6,11.3,0,0,0,0,0,0,0,0
Lourde ou Très lourde,400,Mai,H2c,229.3,0,0,0,0,0,0,0,14.9,27.5,29.9,10.36,2.03,48,6,48.4,11.1
Lourde ou Très lourde,400,Juin,H2c,226.3,0,0,0,0,0,0,0,17.5,28.6,30.2,24.31,12.01,222,43,222.4,92.7
Lourde ou Très lourde,400,Juillet,H2c,251.2,0,0,0,0,0,0,0,19.8,29.2,30.5,38.21,25.47,465,92,464.9,225.3
Lourde ou Très lourde,400,Août,H2c,231.4,0,0,0,0,0,0,0,19.8,30,31.8,32.22,21.61,400,62,399.8,233.2
Lourde ou Très lourde,400,Septembre,H2c,183,0,0,0,0,0,0,0,19.7,29.2,32.1,15.39,7.19,133,19,133,77.9
Lourde ou Très lourde,400,Octobre,H2c,107.8,15.6,68.99,533,2791.8,880.2,604,3925.9,17.7,28.4,29.8,10.02,5.75,52,22,52.2,19.6
Lourde ou Très lourde,400,Novembre,H2c,84.5,9.1,63.3,693,6725.2,3747.6,709,8128.7,14,0,0,0,0,0,0,0,0
Lourde ou Très lourde,400,Décembre,H2c,51.3,5,38.16,744,9535.9,6667.9,744,11023.9,9.8,0,0,0,0,0,0,0,0
Légère ou Moyenne,800,Janvier,H2c,55.5,3.1,40.4,744,11300.8,8072.8,744,12788.8,7.8,0,0,0,0,0,0,0,0
Légère ou Moyenne,800,Février,H2c,91.4,4.6,63.77,672,9225,6306.6,672,10569,7.5,0,0,0,0,0,0,0,0
Légère ou Moyenne,800,Mars,H2c,177.4,7.7,110.02,726,7919.8,4849.4,738,9385.1,8.2,0,0,0,0,0,0,0,0
Légère ou Moyenne,800,Avril,H2c,172,9.8,86.61,685,6225.4,3326,712,7623.4,9.3,0,0,0,0,0,0,0,0
Légère ou Moyenne,800,Mai,H2c,229.3,13.2,38.61,259,1748.7,718.8,285,2289.7,12.9,28.5,28.5,2.03,0.72,6,2,48.4,11.1
Légère ou Moyenne,800,Juin,H2c,226.3,0,0,0,0,0,0,0,15.5,30.4,30.4,12.01,4.72,43,14,222.4,92.7
Légère ou Moyenne,800,Juillet,H2c,251.2,0,0,0,0,0,0,0,17.8,29.9,29.9,25.47,12.37,92,46,464.9,225.3
Légère ou Moyenne,800,Août,H2c,231.4,0,0,0,0,0,0,0,17.8,31.6,31.6,21.61,13.5,62,37,399.8,233.2
Légère ou Moyenne,800,Septembre,H2c,183,13.2,53.63,272,1887.2,847.5,304,2462.9,17.7,31.3,31.3,7.19,5.26,19,14,133,77.9
Légère ou Moyenne,800,Octobre,H2c,107.8,13.7,72.63,617,3962.5,1600.9,657,5232.2,15.7,28.7,28.7,5.75,2.9,11,11,52.2,19.6
Légère ou Moyenne,800,Novembre,H2c,84.5,7.1,63.3,709,8128.7,5072.9,720,9558,12,0,0,0,0,0,0,0,0
Légère ou Moyenne,800,Décembre,H2c,51.3,3,38.16,744,11023.9,8155.9,744,12511.9,7.8,0,0,0,0,0,0,0,0
Lourde ou Très lourde,800,Janvier,H2c,55.5,3.1,40.4,744,11300.8,8072.8,744,12788.8,7.8,0,0,0,0,0,0,0,0
Lourde ou Très lourde,800,Février,H2c,91.4,4.6,63.77,672,9225,6306.6,672,10569,7.5,0,0,0,0,0,0,0,0
Lourde ou Très lourde,800,Mars,H2c,177.4,7.7,110.02,726,7919.8,4849.4,738,9385.1,8.2,0,0,0,0,0,0,0,0
Lourde ou Très lourde,800,Avril,H2c,172,9.8,86.61,685,6225.4,3326,712,7623.4,9.3,0,0,0,0,0,0,0,0
Lourde ou Très lourde,800,Mai,H2c,229.3,13.7,45.69,285,1907.2,777.3,316,2504.8,12.9,28.5,28.5,2.03,0.72,6,2,48.4,11.1
Lourde ou Très lourde,800,Juin,H2c,226.3,0,0,0,0,0,0,0,15.5,30.4,30.4,12.01,4.72,43,14,222.4,92.7
Lourde ou Très lourde,800,Juillet,H2c,251.2,0,0,0,0,0,0,0,17.8,29.9,29.9,25.47,12.37,92,46,464.9,225.3
Lourde ou Très lourde,800,Août,H2c,231.4,0,0,0,0,0,0,0,17.8,31.6,31.6,21.61,13.5,62,37,399.8,233.2
Lourde ou Très lourde,800,Septembre,H2c,183,0,0,0,0,0,0,0,17.7,31.3,31.3,7.19,5.26,19,14,133,77.9
Lourde ou Très lourde,800,Octobre,H2c,107.8,13.6,68.99,604,3925.9,1600.9,641,5165.6,15.7,28.7,28.7,5.75,2.9,11,11,52.2,19.6
Lourde ou Très lourde,800,Novembre,H2c,84.5,7.1,63.3,709,8128.7,5072.9,720,9558,12,0,0,0,0,0,0,0,0
Lourde ou Très lourde,800,Décembre,H2c,51.3,3,38.16,744,11023.9,8155.9,744,12511.9,7.8,0,0,0,0,0,0,0,0
Légère ou Moyenne,8000,Janvier,H2c,55.5,1.1,40.4,744,12788.8,9560.8,744,14276.8,5.8,0,0,0,0,0,0,0,0
Légère ou Moyenne,8000,Février,H2c,91.4,2.6,63.77,672,10569,7641,672,11913,5.5,0,0,0,0,0,0,0,0
Légère ou Moyenne,8000,Mars,H2c,177.4,5.7,110.02,744,9385.1,6205.7,744,10867.6,6.2,0,0,0,0,0,0,0,0
Légère ou Moyenne,8000,Avril,H2c,172,7.8,86.61,721,7623.4,4599.9,720,9053.8,7.3,0,0,0,0,0,0,0,0
Légère ou Moyenne,8000,Mai,H2c,229.3,12.4,95.01,663,4719.7,2153,684,6040,10.9,26.5,0,0.72,0,2,0,1,0
Légère ou Moyenne,8000,Juin,H2c,226.3,13.9,34.59,274,1577.8,531.1,278,2118.8,13.5,28.4,29.6,4.72,1.95,14,7,33.4,11.4
Légère ou Moyenne,8000,Juillet,H2c,251.2,0,0,0,0,0,0,0,15.8,27.9,29.2,12.37,4.82,46,20,87.3,23.4
Légère ou Moyenne,8000,Août,H2c,231.4,0,0,0,0,0,0,0,15.8,29.6,31.2,13.5,8.79,37,22,133.8,70.6
Légère ou Moyenne,8000,Septembre,H2c,183,11.4,57.18,338,2611.9,1330.4,348,3279.2,15.7,29.3,30.1,5.26,3.55,14,10,45.9,21.1
Légère ou Moyenne,8000,Octobre,H2c,107.8,11.7,72.63,676,5232.2,2549.1,692,6578,13.7,26.7,0,2.9,0,5,5,3.5,0
Légère ou Moyenne,8000,Novembre,H2c,84.5,5.1,63.3,720,9558,6455.8,720,10998,10,0,0,0,0,0,0,0,0
Légère ou Moyenne,8000,Décembre,H2c,51.3,1,38.16,744,12511.9,9643.9,744,13999.9,5.8,0,0,0,0,0,0,0,0
Lourde ou Très lourde,8000,Janvier,H2c,55.5,1.1,40.4,744,12788.8,9560.8,744,14276.8,5.8,0,0,0,0,0,0,0,0
Lourde ou Très lourde,8000,Février,H2c,91.4,2.6,63.77,672,10569,7641,672,11913,5.5,0,0,0,0,0,0,0,0
Lourde ou Très lourde,8000,Mars,H2c,177.4,5.7,110.02,744,9385.1,6205.7,744,10867.6,6.2,0,0,0,0,0,0,0,0
Lourde ou Très lourde,8000,Avril,H2c,172,7.8,86.61,721,7623.4,4599.9,720,9053.8,7.3,0,0,0,0,0,0,0,0
Lourde ou Très lourde,8000,Mai,H2c,229.3,12.4,95.01,663,4719.7,2153,684,6040,10.9,26.5,0,0.72,0,2,0,1,0
Lourde ou Très lourde,8000,Juin,H2c,226.3,17,8.85,50,249,48.2,52,349.7,13.5,28.4,29.6,4.72,1.95,14,7,33.4,11.4
Lourde ou Très lourde,8000,Juillet,H2c,251.2,0,0,0,0,0,0,0,15.8,27.9,29.2,12.37,4.82,46,20,87.3,23.4
Lourde ou Très lourde,8000,Août,H2c,231.4,0,0,0,0,0,0,0,15.8,29.6,31.2,13.5,8.79,37,22,133.8,70.6
Lourde ou Très lourde,8000,Septembre,H2c,183,13.7,10.75,72,431,168.3,70,569.1,15.7,29.3,30.1,5.26,3.55,14,10,45.9,21.1
Lourde ou Très lourde,8000,Octobre,H2c,107.8,11.7,72.63,676,5232.2,2549.1,692,6578,13.7,26.7,0,2.9,0,5,5,3.5,0
Lourde ou Très lourde,8000,Novembre,H2c,84.5,5.1,63.3,720,9558,6455.8,720,10998,10,0,0,0,0,0,0,0,0
Lourde ou Très lourde,8000,Décembre,H2c,51.3,1,38.16,744,12511.9,9643.9,744,13999.9,5.8,0,0,0,0,0,0,0,0
Légère ou Moyenne,400,Janvier,H2d,123.7,4.9,98.24,738,10042,6887.9,742,11520.5,8.6,0,0,0,0,0,0,0,0
Légère ou Moyenne,400,Février,H2d,141.8,5.1,100.73,672,8913.2,5991.6,672,10257.2,8.5,0,0,0,0,0,0,0,0
Légère ou Moyenne,400,Mars,H2d,191.7,9.3,116.26,699,6834.6,3901.6,721,8257.8,9.4,0,0,0,0,0,0,0,0
Légère ou Moyenne,400,Avril,H2d,205.3,13.4,104.57,560,4193,1915.2,607,5355.9,12.9,0,0,0,0,2,0,1.6,0
Légère ou Moyenne,400,Mai,H2d,238.6,12.5,15.87,133,877.2,354.7,138,1149.5,16.7,27.4,0,16.67,2.56,70,9,69.6,9.1
Légère ou Moyenne,400,Juin,H2d,291.8,0,0,0,0,0,0,0,18,30.2,31.3,55.56,43.81,904,160,904.4,526.1
Légère ou Moyenne,400,Juillet,H2d,313.6,0,0,0,0,0,0,0,23.6,30.5,31.7,84.28,67.5,1447,238,1447,868.2
Légère ou Moyenne,400,Août,H2d,284.5,0,0,0,0,0,0,0,20.9,29.4,30.8,77.59,53.69,801,150,801.2,418.4
Légère ou Moyenne,400,Septembre,H2d,218.4,0,0,0,0,0,0,0,22.9,28.3,29.5,49.79,25.08,251,56,250.7,84.4
Légère ou Moyenne,400,Octobre,H2d,138,13.5,43.29,270,1788.4,748.3,305,2367.4,18.4,0,0,0,0,0,0,0,0
Légère ou Moyenne,400,Novembre,H2d,113.8,8.9,87.35,683,6851.3,3992.8,704,8239.6,14.1,0,0,0,0,0,0,0,0
Légère ou Moyenne,400,Décembre,H2d,105.3,5,85.07,744,15639.4,6669.3,744,11021,9.4,0,0,0,0,0,0,0,0
Lourde ou Très lourde,400,Janvier,H2d,123.7,4.9,98.24,738,10042,6887.9,742,11520.5,8.6,0,0,0,0,0,0,0,0
Lourde ou Très lourde,400,Février,H2d,141.8,5.1,100.73,672,8913.2,5991.6,672,10257.2,8.5,0,0,0,0,0,0,0,0
Lourde ou Très lourde,400,Mars,H2d,191.7,9.3,116.26,699,6834.6,3901.6,721,8257.8,9.4,0,0,0,0,0,0,0,0
Lourde ou Très lourde,400,Avril,H2d,205.3,12.7,91.41,482,3813.8,1799.9,518,4811.6,12.9,0,0,0,0,2,0,1.6,0
Lourde ou Très lourde,400,Mai,H2d,238.6,0,0,0,0,0,0,0,16.7,27.4,0,16.67,2.56,70,9,69.6,9.1
Lourde ou Très lourde,400,Juin,H2d,291.8,0,0,0,0,0,0,0,18,30.2,31.3,55.56,43.81,904,160,904.4,526.1
Lourde ou Très lourde,400,Juillet,H2d,313.6,0,0,0,0,0,0,0,23.6,30.5,31.7,84.28,67.5,1447,238,1447,868.2
Lourde ou Très lourde,400,Août,H2d,284.5,0,0,0,0,0,0,0,20.9,29.4,30.8,77.59,53.69,801,150,801.2,418.4
Lourde ou Très lourde,400,Septembre,H2d,218.4,0,0,0,0,0,0,0,22.9,28.3,29.5,49.79,25.08,251,56,250.7,84.4
Lourde ou Très lourde,400,Octobre,H2d,138,13.6,9.68,53,370,153,63,482,18.4,0,0,0,0,0,0,0,0
Lourde ou Très lourde,400,Novembre,H2d,113.8,8.9,87.35,683,6851.3,3992.8,704,8239.6,14.1,0,0,0,0,0,0,0,0
Lourde ou Très lourde,400,Décembre,H2d,105.3,5,85.07,744,15639.4,6669.3,744,11021,9.4,0,0,0,0,0,0,0,0
Légère ou Moyenne,800,Janvier,H2d,123.7,2.9,98.24,742,11520.5,8308.1,744,13007.7,6.6,0,0,0,0,0,0,0,0
Légère ou Moyenne,800,Février,H2d,141.8,3.1,100.73,672,10257.2,7329.2,672,11601.2,6.5,0,0,0,0,0,0,0,0
Légère ou Moyenne,800,Mars,H2d,191.7,7.3,116.26,721,8257.8,5169.6,732,9710.8,7.4,0,0,0,0,0,0,0,0
Légère ou Moyenne,800,Avril,H2d,205.3,11.4,104.57,607,5355.9,2849.1,650,6609.3,10.9,0,0,0,0,0,0,1.6,0
Légère ou Moyenne,800,Mai,H2d,238.6,12.1,34,277,2038.1,888.2,298,2615.7,14.7,0,0,2.56,0,9,0,69.6,9.1
Légère ou Moyenne,800,Juin,H2d,291.8,0,0,0,0,0,0,0,16,30.6,30.6,43.81,28.55,160,101,904.4,526.1
Légère ou Moyenne,800,Juillet,H2d,313.6,0,0,0,0,0,0,0,21.6,30.8,30.8,67.5,54.43,238,170,1447,868.2
Légère ou Moyenne,800,Août,H2d,284.5,0,0,0,0,0,0,0,18.9,30.2,30.2,53.69,29.25,150,84,801.2,418.4
Légère ou Moyenne,800,Septembre,H2d,218.4,0,0,0,0,0,0,0,20.9,28.7,28.7,25.08,6.54,56,15,250.7,84.4
Légère ou Moyenne,800,Octobre,H2d,138,12.9,85.05,597,4000.2,1691.6,645,5239.1,16.4,0,0,0,0,0,0,0,0
Légère ou Moyenne,800,Novembre,H2d,113.8,6.9,87.35,704,8239.6,5245.4,714,9658.1,12.1,0,0,0,0,0,0,0,0
Légère ou Moyenne,800,Décembre,H2d,105.3,3,85.07,744,18255.9,8153,744,12509,7.4,0,0,0,0,0,0,0,0
Lourde ou Très lourde,800,Janvier,H2d,123.7,2.9,98.24,742,11520.5,8308.1,744,13007.7,6.6,0,0,0,0,0,0,0,0
Lourde ou Très lourde,800,Février,H2d,141.8,3.1,100.73,672,10257.2,7329.2,672,11601.2,6.5,0,0,0,0,0,0,0,0
Lourde ou Très lourde,800,Mars,H2d,191.7,7.3,116.26,721,8257.8,5169.6,732,9710.8,7.4,0,0,0,0,0,0,0,0
Lourde ou Très lourde,800,Avril,H2d,205.3,11.4,104.57,607,5355.9,2849.1,650,6609.3,10.9,0,0,0,0,0,0,1.6,0
Lourde ou Très lourde,800,Mai,H2d,238.6,15.6,1.74,18,69.5,7.7,21,108.6,14.7,0,0,2.56,0,9,0,69.6,9.1
Lourde ou Très lourde,800,Juin,H2d,291.8,0,0,0,0,0,0,0,16,30.6,30.6,43.81,28.55,160,101,904.4,526.1
Lourde ou Très lourde,800,Juillet,H2d,313.6,0,0,0,0,0,0,0,21.6,30.8,30.8,67.5,54.43,238,170,1447,868.2
Lourde ou Très lourde,800,Août,H2d,284.5,0,0,0,0,0,0,0,18.9,30.2,30.2,53.69,29.25,150,84,801.2,418.4
Lourde ou Très lourde,800,Septembre,H2d,218.4,0,0,0,0,0,0,0,20.9,28.7,28.7,25.08,6.54,56,15,250.7,84.4
Lourde ou Très lourde,800,Octobre,H2d,138,12.5,50.27,376,2673.9,1219.3,405,3454.7,16.4,0,0,0,0,0,0,0,0
Lourde ou Très lourde,800,Novembre,H2d,113.8,6.9,87.35,704,8239.6,5245.4,714,9658.1,12.1,0,0,0,0,0,0,0,0
Lourde ou Très lourde,800,Décembre,H2d,105.3,3,85.07,744,18255.9,8153,744,12509,7.4,0,0,0,0,0,0,0,0
Légère ou Moyenne,8000,Janvier,H2d,123.7,0.9,98.24,744,13007.7,9780.5,744,14495.7,4.6,0,0,0,0,0,0,0,0
Légère ou Moyenne,8000,Février,H2d,141.8,1.1,100.73,672,11601.2,8673.2,672,12945.2,4.5,0,0,0,0,0,0,0,0
Légère ou Moyenne,8000,Mars,H2d,191.7,5.3,116.26,737,9710.8,6554.6,740,11184.6,5.4,0,0,0,0,0,0,0,0
Légère ou Moyenne,8000,Avril,H2d,205.3,9.4,104.57,680,6609.3,3909.7,693,7954.2,8.9,0,0,0,0,0,0,0,0
Légère ou Moyenne,8000,Mai,H2d,238.6,12.3,92.56,635,4682.4,2226.3,648,5930.2,12.7,0,0,0,0,0,0,0,0
Légère ou Moyenne,8000,Juin,H2d,291.8,0,0,0,0,0,0,0,14,28.6,30.2,28.55,12.77,101,47,257.9,104.7
Légère ou Moyenne,8000,Juillet,H2d,313.6,0,0,0,0,0,0,0,19.6,28.8,29.9,54.43,36.35,170,102,468.7,191.7
Légère ou Moyenne,8000,Août,H2d,284.5,0,0,0,0,0,0,0,16.9,28.2,29.4,29.25,14.76,84,41,181.4,59
Légère ou Moyenne,8000,Septembre,H2d,218.4,14.1,41.82,217,1345.3,504.7,223,1774.1,18.9,26.7,0,6.54,0,15,0,11.2,0
Légère ou Moyenne,8000,Octobre,H2d,138,10.8,73.86,619,4795.3,2359,618,5999.2,14.4,0,0,0,0,0,0,0,0
Légère ou Moyenne,8000,Novembre,H2d,113.8,4.9,87.35,718,9658.1,6590,720,11094.3,10.1,0,0,0,0,0,0,0,0
Légère ou Moyenne,8000,Décembre,H2d,105.3,1,85.07,744,20887.4,9641,744,13997,5.4,0,0,0,0,0,0,0,0
Lourde ou Très lourde,8000,Janvier,H2d,123.7,0.9,98.24,744,13007.7,9780.5,744,14495.7,4.6,0,0,0,0,0,0,0,0
Lourde ou Très lourde,8000,Février,H2d,141.8,1.1,100.73,672,11601.2,8673.2,672,12945.2,4.5,0,0,0,0,0,0,0,0
Lourde ou Très lourde,8000,Mars,H2d,191.7,5.3,116.26,737,9710.8,6554.6,740,11184.6,5.4,0,0,0,0,0,0,0,0
Lourde ou Très lourde,8000,Avril,H2d,205.3,9.4,104.57,680,6609.3,3909.7,693,7954.2,8.9,0,0,0,0,0,0,0,0
Lourde ou Très lourde,8000,Mai,H2d,238.6,12.2,81.37,644,4291,2025.3,590,5432.4,12.7,0,0,0,0,0,0,0,0
Lourde ou Très lourde,8000,Juin,H2d,291.8,0,0,0,0,0,0,0,14,28.6,30.2,28.55,12.77,101,47,257.9,104.7
Lourde ou Très lourde,8000,Juillet,H2d,313.6,0,0,0,0,0,0,0,19.6,28.8,29.9,54.43,36.35,170,102,468.7,191.7
Lourde ou Très lourde,8000,Août,H2d,284.5,0,0,0,0,0,0,0,16.9,28.2,29.4,29.25,14.76,84,41,181.4,59
Lourde ou Très lourde,8000,Septembre,H2d,218.4,14.2,48.93,253,1585,605.4,258,2081.8,18.9,26.7,0,6.54,0,15,0,11.2,0
Lourde ou Très lourde,8000,Octobre,H2d,138,10.8,73.86,619,4795.3,2359,618,5999.2,14.4,0,0,0,0,0,0,0,0
Lourde ou Très lourde,8000,Novembre,H2d,113.8,4.9,87.35,718,9658.1,6590,720,11094.3,10.1,0,0,0,0,0,0,0,0
Lourde ou Très lourde,8000,Décembre,H2d,105.3,1,85.07,744,20887.4,9641,744,13997,5.4,0,0,0,0,0,0,0,0
Légère ou Moyenne,400,Janvier,H3,116.1,5.9,92.47,744,9264.6,6041.1,744,10752.6,8.4,0,0,0,0,0,0,0,0
Légère ou Moyenne,400,Février,H3,129.4,9.4,91.37,664,6041.6,3185.4,670,7375.6,11.7,0,0,0,0,0,0,0,0
Légère ou Moyenne,400,Mars,H3,181.5,10.2,109.83,715,6118.4,3114.8,730,7568.3,11.4,0,0,0,0,0,0,0,0
Légère ou Moyenne,400,Avril,H3,244.1,13.8,111.07,586,3445.8,1201.8,650,4671.7,12,0,0,0,0,0,0,0,0
Légère ou Moyenne,400,Mai,H3,260.7,0,0,0,0,0,0,0,17.2,27.7,29.1,17.22,8.16,96,20,95.5,22.6
Légère ou Moyenne,400,Juin,H3,296.5,0,0,0,0,0,0,0,20.7,28.7,30.2,52.06,30.95,484,97,483.7,213.4
Légère ou Moyenne,400,Juillet,H3,314.5,0,0,0,0,0,0,0,21.4,29.2,30.2,81.88,64.81,969,206,968.9,463.2
Légère ou Moyenne,400,Août,H3,281,0,0,0,0,0,0,0,25.4,28.6,29.7,95.22,65.44,742,167,741.5,283.7
Légère ou Moyenne,400,Septembre,H3,225.8,0,0,0,0,0,0,0,20,28.1,29.1,25.89,15.66,114,30,114.4,32.3
Légère ou Moyenne,400,Octobre,H3,151.2,10.9,4.98,120,911.8,402.1,120,1151.8,19.8,26.1,0,1.14,0,0,2,0.2,0
Légère ou Moyenne,400,Novembre,H3,113.2,10,85.22,690,6044.6,3185.6,704,7441.6,14.7,0,0,0,0,0,0,0,0
Légère ou Moyenne,400,Décembre,H3,94.8,7.6,75,739,7659.1,4827.6,744,9142.7,12.1,0,0,0,0,0,0,0,0
Lourde ou Très lourde,400,Janvier,H3,116.1,5.9,92.47,744,9264.6,6041.1,744,10752.6,8.4,0,0,0,0,0,0,0,0
Lourde ou Très lourde,400,Février,H3,129.4,9.4,91.37,664,6041.6,3185.4,670,7375.6,11.7,0,0,0,0,0,0,0,0
Lourde ou Très lourde,400,Mars,H3,181.5,10.2,109.83,715,6118.4,3114.8,730,7568.3,11.4,0,0,0,0,0,0,0,0
Lourde ou Très lourde,400,Avril,H3,244.1,13.2,79.8,390,2469.9,948.2,434,3284.2,12,0,0,0,0,0,0,0,0
Lourde ou Très lourde,400,Mai,H3,260.7,0,0,0,0,0,0,0,17.2,27.7,29.1,17.22,8.16,96,20,95.5,22.6
Lourde ou Très lourde,400,Juin,H3,296.5,0,0,0,0,0,0,0,20.7,28.7,30.2,52.06,30.95,484,97,483.7,213.4
Lourde ou Très lourde,400,Juillet,H3,314.5,0,0,0,0,0,0,0,21.4,29.2,30.2,81.88,64.81,969,206,968.9,463.2
Lourde ou Très lourde,400,Août,H3,281,0,0,0,0,0,0,0,25.4,28.6,29.7,95.22,65.44,742,167,741.5,283.7
Lourde ou Très lourde,400,Septembre,H3,225.8,0,0,0,0,0,0,0,20,28.1,29.1,25.89,15.66,114,30,114.4,32.3
Lourde ou Très lourde,400,Octobre,H3,151.2,0,0,0,0,0,0,0,19.8,26.1,0,1.14,0,0,2,0.2,0
Lourde ou Très lourde,400,Novembre,H3,113.2,9.5,71.76,601,5536.8,3024.5,609,6748.2,14.7,0,0,0,0,0,0,0,0
Lourde ou Très lourde,400,Décembre,H3,94.8,7.6,75,739,7659.1,4827.6,744,9142.7,12.1,0,0,0,0,0,0,0,0
Légère ou Moyenne,800,Janvier,H3,116.1,3.9,92.47,744,10752.6,7524.6,744,12240.6,6.4,0,0,0,0,0,0,0,0
Légère ou Moyenne,800,Février,H3,129.4,7.4,91.37,670,7375.6,4463.9,672,8719.2,9.7,0,0,0,0,0,0,0,0
Légère ou Moyenne,800,Mars,H3,181.5,8.2,109.83,730,7568.3,4426.6,743,9039.1,9.4,0,0,0,0,0,0,0,0
Légère ou Moyenne,800,Avril,H3,244.1,11.8,115.14,670,4804.5,2094.9,709,6188,10,0,0,0,0,0,0,0,0
Légère ou Moyenne,800,Mai,H3,260.7,0,0,0,0,0,0,0,15.2,28.4,28.4,8.16,1.79,20,4,95.5,22.6
Légère ou Moyenne,800,Juin,H3,296.5,0,0,0,0,0,0,0,18.7,29.5,29.5,30.95,16.38,97,47,483.7,213.4
Légère ou Moyenne,800,Juillet,H3,314.5,0,0,0,0,0,0,0,19.4,29.5,29.5,64.81,38.71,206,105,968.9,463.2
Légère ou Moyenne,800,Août,H3,281,0,0,0,0,0,0,0,23.4,29,29,65.44,28.13,167,64,741.5,283.7
Légère ou Moyenne,800,Septembre,H3,225.8,0,0,0,0,0,0,0,18,28.5,28.5,15.66,1.27,30,2,114.4,32.3
Légère ou Moyenne,800,Octobre,H3,151.2,11.4,33.73,240,1871.3,873,257,2373.2,17.8,0,0,0,0,0,0,0.2,0
Légère ou Moyenne,800,Novembre,H3,113.2,8,85.22,704,7441.6,4430.9,719,8871,12.7,0,0,0,0,0,0,0,0
Légère ou Moyenne,800,Décembre,H3,94.8,5.6,75,744,9142.7,6280.4,744,10630.7,10.1,0,0,0,0,0,0,0,0
Lourde ou Très lourde,800,Janvier,H3,116.1,3.9,92.47,744,10752.6,7524.6,744,12240.6,6.4,0,0,0,0,0,0,0,0
Lourde ou Très lourde,800,Février,H3,129.4,7.4,91.37,670,7375.6,4463.9,672,8719.2,9.7,0,0,0,0,0,0,0,0
Lourde ou Très lourde,800,Mars,H3,181.5,8.2,109.83,730,7568.3,4426.6,743,9039.1,9.4,0,0,0,0,0,0,0,0
Lourde ou Très lourde,800,Avril,H3,244.1,11.2,79.8,434,3284.2,1544.1,452,4174.9,10,0,0,0,0,0,0,0,0
Lourde ou Très lourde,800,Mai,H3,260.7,0,0,0,0,0,0,0,15.2,28.4,28.4,8.16,1.79,20,4,95.5,22.6
Lourde ou Très lourde,800,Juin,H3,296.5,0,0,0,0,0,0,0,18.7,29.5,29.5,30.95,16.38,97,47,483.7,213.4
Lourde ou Très lourde,800,Juillet,H3,314.5,0,0,0,0,0,0,0,19.4,29.5,29.5,64.81,38.71,206,105,968.9,463.2
Lourde ou Très lourde,800,Août,H3,281,0,0,0,0,0,0,0,23.4,29,29,65.44,28.13,167,64,741.5,283.7
Lourde ou Très lourde,800,Septembre,H3,225.8,0,0,0,0,0,0,0,18,28.5,28.5,15.66,1.27,30,2,114.4,32.3
Lourde ou Très lourde,800,Octobre,H3,151.2,12.2,0.82,24,151.2,44.5,24,199.2,17.8,0,0,0,0,0,0,0.2,0
Lourde ou Très lourde,800,Novembre,H3,113.2,8,85.22,704,7441.6,4430.9,719,8871,12.7,0,0,0,0,0,0,0,0
Lourde ou Très lourde,800,Décembre,H3,94.8,5.6,75,744,9142.7,6280.4,744,10630.7,10.1,0,0,0,0,0,0,0,0
Légère ou Moyenne,8000,Janvier,H3,116.1,1.9,92.47,744,12240.6,9012.6,744,13728.6,4.4,0,0,0,0,0,0,0,0
Légère ou Moyenne,8000,Février,H3,129.4,5.4,91.37,672,8719.2,5792.2,672,10063.2,7.7,0,0,0,0,0,0,0,0
Légère ou Moyenne,8000,Mars,H3,181.5,6.2,109.83,744,9039.1,5846.1,744,10526.9,7.4,0,0,0,0,0,0,0,0
Légère ou Moyenne,8000,Avril,H3,244.1,9.8,115.14,721,6188,3211.5,720,7620.9,8,0,0,0,0,0,0,0,0
Légère ou Moyenne,8000,Mai,H3,260.7,15,105.38,592,3085.5,962.1,616,4251.3,13.2,26.4,0,1.79,0,4,0,1.5,0
Légère ou Moyenne,8000,Juin,H3,296.5,15.2,31.31,195,912.6,226.5,207,1305.1,16.7,27.5,28.8,16.38,6.69,47,17,70.6,13.4
Légère ou Moyenne,8000,Juillet,H3,314.5,0,0,0,0,0,0,0,17.4,27.5,28.9,38.71,11.07,105,30,154.8,27.3
Légère ou Moyenne,8000,Août,H3,281,0,0,0,0,0,0,0,21.4,27,28.6,28.13,3.31,64,8,66.7,4.8
Légère ou Moyenne,8000,Septembre,H3,225.8,0,0,0,0,0,0,0,16,26.5,0,1.27,0,2,0,1.1,0
Légère ou Moyenne,8000,Octobre,H3,151.2,12.6,100.47,702,4431,1822,713,5807.7,15.8,0,0,0,0,0,0,0,0
Légère ou Moyenne,8000,Novembre,H3,113.2,6,85.22,720,8871,5779.2,720,10310.8,10.7,0,0,0,0,0,0,0,0
Légère ou Moyenne,8000,Décembre,H3,94.8,3.6,75,744,10630.7,7762.7,744,12118.7,8.1,0,0,0,0,0,0,0,0
Lourde ou Très lourde,8000,Janvier,H3,116.1,1.9,92.47,744,12240.6,9012.6,744,13728.6,4.4,0,0,0,0,0,0,0,0
Lourde ou Très lourde,8000,Février,H3,129.4,5.4,91.37,672,8719.2,5792.2,672,10063.2,7.7,0,0,0,0,0,0,0,0
Lourde ou Très lourde,8000,Mars,H3,181.5,6.2,109.83,744,9039.1,5846.1,744,10526.9,7.4,0,0,0,0,0,0,0,0
Lourde ou Très lourde,8000,Avril,H3,244.1,9.8,115.14,721,6188,3211.5,720,7620.9,8,0,0,0,0,0,0,0,0
Lourde ou Très lourde,8000,Mai,H3,260.7,14.5,89.43,521,2768.5,889.7,542,3794.2,13.2,26.4,0,1.79,0,4,0,1.5,0
Lourde ou Très lourde,8000,Juin,H3,296.5,0,0,0,0,0,0,0,16.7,27.5,28.8,16.38,6.69,47,17,70.6,13.4
Lourde ou Très lourde,8000,Juillet,H3,314.5,0,0,0,0,0,0,0,17.4,27.5,28.9,38.71,11.07,105,30,154.8,27.3
Lourde ou Très lourde,8000,Août,H3,281,0,0,0,0,0,0,0,21.4,27,28.6,28.13,3.31,64,8,66.7,4.8
Lourde ou Très lourde,8000,Septembre,H3,225.8,0,0,0,0,0,0,0,16,26.5,0,1.27,0,2,0,1.1,0
Lourde ou Très lourde,8000,Octobre,H3,151.2,0,0,0,0,0,0,0,15.8,0,0,0,0,0,0,0,0
Lourde ou Très lourde,8000,Novembre,H3,113.2,5.8,80.94,672,8442.5,5542.7,672,9786.3,10.7,0,0,0,0,0,0,0,0
Lourde ou Très lourde,8000,Décembre,H3,94.8,3.6,75,744,10630.7,7762.7,744,12118.7,8.1,0,0,0,0,0,0,0,0
